id,Placering,Huvudman,Drift,Typ,Modell,Stadsdelsnämnder,Anläggningsnummer,Cykelpump,Dricksfontän,lon,lat
102,Axel Landquist Park - Åsögatan 146,TK,Danfo,Urinoar,Urinoar,Södermalm,G101,Nej,Nej,18.080924465084877,59.31385648456923
104,Strömparterren 3,TK,Danfo,Toalett,Övrigt,Södermalm,G079,Nej,Nej,18.070069625205587,59.32855249980979
105,Fjällgatan   Södermalm,TK,Miljötekniska,Toalett,Enkel,Södermalm,G085,Nej,Nej,18.08705071163269,59.317351546264845
106,Folkungagatan 82 - Parkleken Droskan,TK,Miljötekniska,Urinoar,Urinoar,Södermalm,G105,Nej,Nej,18.079198435058455,59.315062074451966
107,Frödingsvägen 12,TK,Miljötekniska,Toalett,Enkel,Kungsholmen,G084,Nej,Nej,18.002883953488762,59.33001748556062
108,Klara Mälarstrand 4 - Stadshuskajen,TK,Miljötekniska,Toalett,Trippel,Norra innerstaden,G087,Nej,Nej,18.05803775589566,59.32791777800175
109,Kronobergsgatan 11 - Kronobergsparken,TK,Miljötekniska,Urinoar,Urinoar,Kungsholmen,G108,Nej,Nej,18.03358838189937,59.33248515742837
110,Kroppaplan,TK,Miljötekniska,Urinoar,Urinoar,Farsta,G109,Nej,Nej,18.093258094572644,59.24397158949911
111,Källargränd 4,TK,Miljötekniska,Urinoar,Urinoar,Södermalm,G110,Nej,Nej,18.07106042888638,59.3255480452048
112,Liljeholmsgränd 17,TK,Miljötekniska,Urinoar,Urinoar,Hägersten-Älvsjö,G111,Nej,Nej,18.0212572585575,59.31044766938977
113,"Mikrofonvägen
4",TK,Miljötekniska,Urinoar,Urinoar,Hägersten-Älvsjö,G112,Nej,Nej,17.997006895962013,59.29773242198956
114,Nioörtsvägen 24,TK,Miljötekniska,Urinoar,Urinoar,Hägersten-Älvsjö,G113,Nej,Nej,18.01659898330466,59.30159223232426
115,Palmfeltsvägen 28 ,TK,Miljötekniska,Urinoar,Urinoar,Enskede-Årsta-Vantör,G115,Nej,Nej,18.070067753960785,59.28982636935906
116,Skidvägen 11,TK,Miljötekniska,Urinoar,Urinoar,Hägersten-Älvsjö,G116,Nej,Nej,17.97621771890933,59.2942559600224
117,Sockenplan 370,TK,Miljötekniska,Urinoar,Urinoar,Enskede-Årsta-Vantör,G118,Nej,Nej,18.07070008382124,59.28322756935224
118,Trollesundsvägen 16 (under tåg bron),TK,Miljötekniska,Urinoar,Urinoar,Farsta,G120,Nej,Nej,18.049568275705965,59.27010949477258
119,Valhallavägen/ Drottning Sofias väg - i allén,TK,Miljötekniska,Urinoar,Urinoar,Östermalm,G121,Nej,Nej,18.076691381537394,59.34440433427465
120,Olof Palmes Gata 31 - Norra bantorget,TK,Miljötekniska,Urinoar,Urinoar,Norrmalm,G114,Nej,Nej,18.0545592685505,59.334622669691036
121,"Västertorpsvägen 70 
(utanför T-bannan)",TK,Miljötekniska,Urinoar,Urinoar,Hägersten-Älvsjö,G122,Nej,Nej,17.965023849142572,59.29053149686092
122,Ellen Keys gata 46,TK,Miljötekniska,Urinoar,Urinoar,Hägersten-Älvsjö,G104,Nej,Nej,17.965223554880616,59.28595394658388
123,Skarpskyttestigen 6 - Tantobadet,TK,Danfo,Toalett,Övrigt,Södermalm,G081,Nej,Nej,18.03815153258516,59.3127204905019
124,Skånegatan 70,TK,Miljötekniska,Urinoar,Urinoar,Södermalm,G117,Nej,Nej,18.076239598999415,59.31185627057189
125,Djurgårdsvägen 60,TK,Miljötekniska,Urinoar,Urinoar,Norra innerstaden,G103,Nej,Nej,18.09554563546132,59.32600965859614
126,Karlavägen 40,TK,Miljötekniska,Urinoar,Urinoar,Östermalm,G107,Nej,Nej,18.078655627104702,59.33996215325416
127,Söder Mälarstrand 115 - Under Västerbron,TK,Miljötekniska,Urinoar,Urinoar,Södermalm,G119,Nej,Nej,18.03152037631665,59.319403407075
128,Rågsved T-station,TK,Miljötekniska,Urinoar,Urinoar,Farsta,G115,Nej,Nej,18.028212839249797,59.2562909637707
129,Hamngatan 2 - Nybroplan,Danfo,Danfo,Toalett,Dubbel,Norra innerstaden,G055,Ja,Ja,18.075281245450324,59.33287182212577
131,Akallastigen 6 - Akalla By,Danfo,Danfo,Toalett,Enkel,Järva,G099,Nej,Nej,17.91141510862351,59.41318653073105
133,Husbystigen 9 - Husby Gård,Danfo,Danfo,Toalett,Enkel,Järva,G098,Nej,Nej,17.918690571292796,59.40723790591508
136,Mälartorget 19,Danfo,Danfo,Toalett,Dubbel,Södermalm,G049,Nej,Ja,18.069095585536243,59.32273794019752
137,Slottsbacken/Österlånggatan,Danfo,Danfo,Toalett,Trippel,Södermalm,G053,Ja,Nej,18.073064748658403,59.32612384370555
138,Österlånggatan 45 - Benickebrinken,Danfo,Danfo,Toalett,Dubbel,Södermalm,G091,Nej,Nej,18.07363801670329,59.32345564541193
140,Medborgarplatsen 54,Danfo,Danfo,Toalett,Dubbel,Södermalm,G063,Ja,Ja,18.072732727404738,59.31495025852274
141,Skånegatan 79 - Nytorget,Danfo,Danfo,Toalett,Enkel,Södermalm,G061,Ja,Ja,18.08319443060501,59.31266609001174
142,Allmänna Gränd - Djurgården,Danfo,Danfo,Toalett,Trippel,Norra innerstaden,G077,Nej,Nej,18.095808671297178,59.32458595614204
143,Elersvägen 50 - Kristineberg,Danfo,Danfo,Toalett,null,Kungsholmen,G082,Nej,Nej,18.00200044681012,59.338162523664344
144,Bredängs Alle under TB,Danfo,Danfo,Toalett,null,Skärholmen,G058,Nej,Nej,17.933599602663282,59.2952102080093
145,Slottskajen - Stallbron - Mynttorget,Danfo,Danfo,Toalett,null,Södermalm,G059,Nej,Nej,18.06924153148079,59.327011681551966
146,Finn Malmgren,Danfo,Danfo,Toalett,null,Skarpnäck,G090,Nej,Nej,18.102381179457662,59.294925535169234
147,Rinkebystråket 55,Danfo,Danfo,Toalett,null,Järva,G076,Nej,Nej,17.926092791882073,59.38874865154918
148,Gasverksvägen 52 - Ropsten,Danfo,Danfo,Toalett,Enkel,Norra innerstaden,G065,Nej,Nej,18.103140379779322,59.35711355740854
149,Skärholmsplan 6 - Skärholmen C,Danfo,Danfo,Toalett,Enkel,Skärholmen,G062,Nej,Nej,17.909538907281195,59.27691349142357
150,Kista torg,Danfo,Danfo,Toalett,Enkel,Järva,G070,Nej,Ja,17.94249597258741,59.40175638929967
151,Älvsjö torg 19,Danfo,Danfo,Toalett,Dubbel,Hägersten-Älvsjö,G073,Ja,Ja,18.00894511294653,59.27883867814219
152,Karlavägen 56,Danfo,Danfo,Toalett,Enkel,Norra innerstaden,G072,Ja,Nej,18.082249159934626,59.33922710459087
153,Kungsträdgårdsgatan 8 - Kungsträdgården,Danfo,Danfo,Toalett,Trippel,Norra innerstaden,G071,Ja,Ja,18.07251625384999,59.33101727017962
154,Skeppsbron 29 - Skeppsbrokajen,Danfo,Danfo,Toalett,Trippel,Södermalm,G074,Ja,Ja,18.075406091737346,59.323158224301615
156,Bergsgatan 44B,Danfo,Danfo,Toalett,Enkel,Kungsholmen,G102,Nej,Nej,18.041146572489684,59.33031416350741
158,Bagarmossen C (vid tunnelbane nedgång),Danfo,Danfo,Toalett,Enkel,Skarpnäck,G017,Ja,Nej,18.130993012174613,59.27626286397621
159,Brunnsviksvägen - Bellevueparken,Danfo,Danfo,Toalett,Enkel,Norra innerstaden,G028,Nej,Nej,18.04804866634508,59.35289254796165
160,Cigarrvägen 14 - Hökarängen,Danfo,Danfo,Toalett,Enkel,Farsta,G044,Nej,Nej,18.077350880521983,59.253602464387555
161,De Geersgatan 13 - Tessinparken,Danfo,Danfo,Toalett,Enkel,Norra innerstaden,G022,Ja,Nej,18.096004164032635,59.34322882890003
162,Drottninggatan 118 - Observatorielunden,Danfo,Danfo,Toalett,Enkel,Norra innerstaden,G026,Ja,Nej,18.054239495311315,59.340856314529375
163,Eriksdalsbadet,Danfo,Danfo,Toalett,Trippel,Södermalm,G040,Ja,Ja,18.071011817360137,59.30420894055089
164,Adlerbethsgatan 23 - Fredhällsparken,Danfo,Danfo,Toalett,Enkel,Kungsholmen,G045,Ja,Nej,18.003847667273227,59.33152310643199
165,Fridhemsplan 23A,Danfo,Danfo,Toalett,Enkel,Kungsholmen,G089,Ja,Nej,18.027986148732634,59.3316778833981
167,Hornsbergsstrand 77,Danfo,Danfo,Toalett,Trippel,Kungsholmen,G002,Ja,Nej,18.005040285626016,59.340008783481956
169,Jyllandsgatan 16 - Trudeluttens Lekplats,Danfo,Danfo,Toalett,Enkel,Järva,G088,Nej,Nej,17.9356099367659,59.40003517489409
170,Klädesvägen 3 - Brommaplan,Danfo,Danfo,Toalett,Dubbel,Bromma,G093,Ja,Nej,17.938628854963383,59.3388961797094
171,Lyckselevägen 58 - Grötfatet parklek,Danfo,Danfo,Toalett,Enkel,Hässelby-Vällingby,G030,Ja,Nej,17.869377097014382,59.36727372114325
172,Långholmsbadet - Långholmen,Danfo,Danfo,Toalett,Trippel,Södermalm,G020,Nej,Nej,18.02507298159107,59.32176899752803
173,Lövsätragränd 42 - Sätradalsparken,Danfo,Danfo,Toalett,Enkel,Skärholmen,G043,Ja,Nej,17.916101509926612,59.28564254004095
174,Mariatorget 4,Danfo,Danfo,Toalett,Dubbel,Södermalm,G052,Ja,Nej,18.06231039827824,59.31842670985151
175,Mikrofonvägen 5 - Telefonplan,Danfo,Danfo,Toalett,Enkel,Hägersten-Älvsjö,G008,Nej,Nej,17.99697663168507,59.29797147456701
176,Nordenflychtsvägen 11 - Kristineberg,Danfo,Danfo,Toalett,Enkel,Kungsholmen,G031,Ja,Nej,18.00344241676478,59.333467769565516
177,Norr Mälarstrand 3,Danfo,Danfo,Toalett,Trippel,Kungsholmen,G060,Ja,Nej,18.052481046789055,59.3268873057295
178,Norra Bantorget,Danfo,Danfo,Toalett,Enkel,Norra innerstaden,G014,Nej,Nej,18.05532734106138,59.334959955535595
179,"Östra Nydalsbron, Nydalsparken - Tensta",Danfo,Danfo,Toalett,Enkel,Järva,G029,Nej,Nej,17.904897129288198,59.395526604527774
180,Odengatan 77 - Odenplan,Danfo,Danfo,Toalett,Enkel,Norra innerstaden,G092,Ja,Nej,18.04880149409006,59.3425826621642
181,Odengatan 90 - Vasaparken,Danfo,Danfo,Toalett,Dubbel,Norra innerstaden,G064,Nej,Nej,18.042743782060775,59.340696924247666
182,Ringvägen 15 - Zinkensdamm,Danfo,Danfo,Toalett,Enkel,Södermalm,G036,Nej,Nej,18.05064612713017,59.317742171155075
183,S:T Eriksplan 6C,Danfo,Danfo,Toalett,Enkel,Norra innerstaden,G033,Ja,Nej,18.0374075330351,59.33969789910568
184,Skeppsbron 13 - Skeppsbrokajen,Danfo,Danfo,Toalett,Trippel,Södermalm,G024,nej,nej,18.07588336899666,59.32542201966147
185,Smedsuddsvägen 30 - Smedsuddsbadet,Danfo,Danfo,Toalett,Stor,Kungsholmen,G003,Nej,Ja,18.02178033409177,59.32584199495188
186,Smedsuddsvägen 6 - Rålambshovsparken,Danfo,Danfo,Toalett,Stor,Kungsholmen,G004,Nej,Ja,18.025992785501472,59.328009025879155
187,Spånga Stationsplan 9,Danfo,Danfo,Toalett,Dubbel,Järva,G015,Nej,Nej,17.899406138590525,59.38279361768097
188,Stora Mejtens Gränd 12,Danfo,Danfo,Toalett,Enkel,Södermalm,G025,Nej,Nej,18.091207354520332,59.31161224511755
189,Sturegatan 12 - Humlegården,Danfo,Danfo,Toalett,Enkel,Norra innerstaden,G001,Nej,Ja,18.073690503695858,59.33744880204998
190,Sveavägen 67A - Observatiorielunden,Danfo,Danfo,Toalett,Enkel,Norra innerstaden,G006,Ja,Nej,18.056708768144937,59.34222458384866
191,Svärdlångsgatan 10 - Årstaberg,Danfo,Danfo,Toalett,Enkel,Enskede-Årsta-Vantör,G012,Ja,Nej,18.030447863625138,59.29995415941577
192,Tegnérlunden 2,Danfo,Danfo,Toalett,Enkel,Norra innerstaden,G019,Ja,Nej,18.05529873134851,59.338585925242924
193,Tjärhovsplan,Danfo,Danfo,Toalett,Enkel,Södermalm,G021,Ja,Nej,18.083647354125244,59.31645268513766
194,Trissan Parklek - Bredäng,Danfo,Danfo,Toalett,Enkel,Skärholmen,G010,Nej,Nej,17.931585929645443,59.29667998121347
195,Valhallavägen 78 - Östra Station,Danfo,Danfo,Toalett,Trippel,Norra innerstaden,G054,Ja,Nej,18.07216523913102,59.34542054735475
196,Valhallavägen 157 - Karlaplan,Danfo,Danfo,Toalett,Enkel,Norra innerstaden,G069,Ja,Nej,18.09282674300151,59.34053119503043
197,Sveavägen 127 - Vanadislunden,Danfo,Danfo,Toalett,Enkel,Norra innerstaden,G042,Ja,Nej,18.05217626941641,59.34787612166714
198,Vittangiplan 28 - Vällingby Torg,Danfo,Danfo,Toalett,Enkel,Hässelby-Vällingby,G080,Nej,Nej,17.87215342819445,59.362249139254935
199,Andholmsvägen 5 - Vårbergstoppen,Danfo,Danfo,Toalett,Enkel,Skärholmen,G094,Nej,Nej,17.880609303381927,59.272373446902684
200,Wollmar Yxkullsgatan,Danfo,Danfo,Toalett,Enkel,Södermalm,G056,Nej,Nej,18.056522152462566,59.31607058259165
201,Österholmsstigen - Västerholmsparken,Danfo,Danfo,Toalett,Enkel,Skärholmen,G039,Nej,Nej,17.89884320877838,59.27154444167871
202,Sveavägen 39A - Adolf Fredriks Kyrka,Danfo,Danfo,Toalett,Enkel,Norra innerstaden,G067,Ja,Nej,18.06105337426585,59.33791221601433
