,id,Placering,Huvudman,Drift,Typ,Modell,Stadsdelsnämnder,Anläggningsnummer,Cykelpump,Dricksfontän,geometry,geometry_centroid,lon,lat
0,102,Axel Landquist Park - Åsögatan 146,TK,Danfo,Urinoar,Urinoar,Södermalm,G101,Nej,Nej,POINT (154608.7594 6577634.8184),POINT (18.080924465084877 59.31385648456923),18.080924465084877,59.31385648456923
1,104,Strömparterren 3,TK,Danfo,Toalett,Övrigt,Södermalm,G079,Nej,Nej,POINT (153988.8396 6579271.2633),POINT (18.070069625205587 59.32855249980979),18.070069625205587,59.32855249980979
2,105,Fjällgatan   Södermalm,TK,Miljötekniska,Toalett,Enkel,Södermalm,G085,Nej,Nej,POINT (154957.1487 6578024.6099),POINT (18.08705071163269 59.317351546264845),18.08705071163269,59.317351546264845
3,106,Folkungagatan 82 - Parkleken Droskan,TK,Miljötekniska,Urinoar,Urinoar,Södermalm,G105,Nej,Nej,POINT (154510.3 6577769.0036),POINT (18.079198435058455 59.315062074451966),18.079198435058455,59.315062074451966
4,107,Frödingsvägen 12,TK,Miljötekniska,Toalett,Enkel,Kungsholmen,G084,Nej,Nej,POINT (150164.1672 6579432.3696),POINT (18.002883953488762 59.33001748556062),18.002883953488762,59.33001748556062
5,108,Klara Mälarstrand 4 - Stadshuskajen,TK,Miljötekniska,Toalett,Trippel,Norra innerstaden,G087,Nej,Nej,POINT (153303.9655 6579199.8962),POINT (18.05803775589566 59.32791777800175),18.05803775589566,59.32791777800175
6,109,Kronobergsgatan 11 - Kronobergsparken,TK,Miljötekniska,Urinoar,Urinoar,Kungsholmen,G108,Nej,Nej,POINT (151911.8584 6579707.7488),POINT (18.03358838189937 59.33248515742837),18.03358838189937,59.33248515742837
7,110,Kroppaplan,TK,Miljötekniska,Urinoar,Urinoar,Farsta,G109,Nej,Nej,POINT (155322.0696 6569850.568),POINT (18.093258094572644 59.24397158949911),18.093258094572644,59.24397158949911
8,111,Källargränd 4,TK,Miljötekniska,Urinoar,Urinoar,Södermalm,G110,Nej,Nej,POINT (154045.5999 6578936.6246),POINT (18.07106042888638 59.3255480452048),18.07106042888638,59.3255480452048
9,112,Liljeholmsgränd 17,TK,Miljötekniska,Urinoar,Urinoar,Hägersten-Älvsjö,G111,Nej,Nej,POINT (151210.7514 6577252.4688),POINT (18.0212572585575 59.31044766938977),18.0212572585575,59.31044766938977
10,113,"Mikrofonvägen
4",TK,Miljötekniska,Urinoar,Urinoar,Hägersten-Älvsjö,G112,Nej,Nej,POINT (149829.4579 6575835.7961),POINT (17.997006895962013 59.29773242198956),17.997006895962013,59.29773242198956
11,114,Nioörtsvägen 24,TK,Miljötekniska,Urinoar,Urinoar,Hägersten-Älvsjö,G113,Nej,Nej,POINT (150945.6754 6576265.8941),POINT (18.01659898330466 59.30159223232426),18.01659898330466,59.30159223232426
12,115,Palmfeltsvägen 28 ,TK,Miljötekniska,Urinoar,Urinoar,Enskede-Årsta-Vantör,G115,Nej,Nej,POINT (153993.2699 6574957.1557),POINT (18.070067753960785 59.28982636935906),18.070067753960785,59.28982636935906
13,116,Skidvägen 11,TK,Miljötekniska,Urinoar,Urinoar,Hägersten-Älvsjö,G116,Nej,Nej,POINT (148644.7869 6575448.7554),POINT (17.97621771890933 59.2942559600224),17.97621771890933,59.2942559600224
14,117,Sockenplan 370,TK,Miljötekniska,Urinoar,Urinoar,Enskede-Årsta-Vantör,G118,Nej,Nej,POINT (154030.0872 6574222.0872),POINT (18.07070008382124 59.28322756935224),18.07070008382124,59.28322756935224
15,118,Trollesundsvägen 16 (under tåg bron),TK,Miljötekniska,Urinoar,Urinoar,Farsta,G120,Nej,Nej,POINT (152826.6066 6572759.6483),POINT (18.049568275705965 59.27010949477258),18.049568275705965,59.27010949477258
16,119,Valhallavägen/ Drottning Sofias väg - i allén,TK,Miljötekniska,Urinoar,Urinoar,Östermalm,G121,Nej,Nej,POINT (154363.7617 6581037.587),POINT (18.076691381537394 59.34440433427465),18.076691381537394,59.34440433427465
17,120,Olof Palmes Gata 31 - Norra bantorget,TK,Miljötekniska,Urinoar,Urinoar,Norrmalm,G114,Nej,Nej,POINT (153105.3309 6579946.6593),POINT (18.0545592685505 59.334622669691036),18.0545592685505,59.334622669691036
18,121,"Västertorpsvägen 70 
(utanför T-bannan)",TK,Miljötekniska,Urinoar,Urinoar,Hägersten-Älvsjö,G122,Nej,Nej,POINT (148006.696 6575034.1308),POINT (17.965023849142572 59.29053149686092),17.965023849142572,59.29053149686092
19,122,Ellen Keys gata 46,TK,Miljötekniska,Urinoar,Urinoar,Hägersten-Älvsjö,G104,Nej,Nej,POINT (148017.8112 6574524.1853),POINT (17.965223554880616 59.28595394658388),17.965223554880616,59.28595394658388
20,123,Skarpskyttestigen 6 - Tantobadet,TK,Danfo,Toalett,Övrigt,Södermalm,G081,Nej,Nej,POINT (152172.8549 6577506.0912),POINT (18.03815153258516 59.3127204905019),18.03815153258516,59.3127204905019
21,124,Skånegatan 70,TK,Miljötekniska,Urinoar,Urinoar,Södermalm,G117,Nej,Nej,POINT (154342.2049 6577411.6789),POINT (18.076239598999415 59.31185627057189),18.076239598999415,59.31185627057189
22,125,Djurgårdsvägen 60,TK,Miljötekniska,Urinoar,Urinoar,Norra innerstaden,G103,Nej,Nej,POINT (155439.5131 6578989.7918),POINT (18.09554563546132 59.32600965859614),18.09554563546132,59.32600965859614
23,126,Karlavägen 40,TK,Miljötekniska,Urinoar,Urinoar,Östermalm,G107,Nej,Nej,POINT (154476.1122 6580542.854),POINT (18.078655627104702 59.33996215325416),18.078655627104702,59.33996215325416
24,127,Söder Mälarstrand 115 - Under Västerbron,TK,Miljötekniska,Urinoar,Urinoar,Södermalm,G119,Nej,Nej,POINT (151794.8366 6578250.3745),POINT (18.03152037631665 59.319403407075),18.03152037631665,59.319403407075
25,128,Rågsved T-station,TK,Miljötekniska,Urinoar,Urinoar,Farsta,G115,Nej,Nej,POINT (151609.4749 6571219.558),POINT (18.028212839249797 59.2562909637707),18.028212839249797,59.2562909637707
26,129,Hamngatan 2 - Nybroplan,Danfo,Danfo,Toalett,Dubbel,Norra innerstaden,G055,Ja,Ja,POINT (154284.9766 6579752.7629),POINT (18.075281245450324 59.33287182212577),18.075281245450324,59.33287182212577
27,131,Akallastigen 6 - Akalla By,Danfo,Danfo,Toalett,Enkel,Järva,G099,Nej,Nej,POINT (144969.6893 6588700.8735),POINT (17.91141510862351 59.41318653073105),17.91141510862351,59.41318653073105
28,133,Husbystigen 9 - Husby Gård,Danfo,Danfo,Toalett,Enkel,Järva,G098,Nej,Nej,POINT (145382.0182 6588037.6566),POINT (17.918690571292796 59.40723790591508),17.918690571292796,59.40723790591508
29,136,Mälartorget 19,Danfo,Danfo,Toalett,Dubbel,Södermalm,G049,Nej,Ja,POINT (153934.0625 6578623.4593),POINT (18.069095585536243 59.32273794019752),18.069095585536243,59.32273794019752
30,137,Slottsbacken/Österlånggatan,Danfo,Danfo,Toalett,Trippel,Södermalm,G053,Ja,Nej,POINT (154159.6391 6579000.8924),POINT (18.073064748658403 59.32612384370555),18.073064748658403,59.32612384370555
31,138,Österlånggatan 45 - Benickebrinken,Danfo,Danfo,Toalett,Dubbel,Södermalm,G091,Nej,Nej,POINT (154192.6043 6578703.6892),POINT (18.07363801670329 59.32345564541193),18.07363801670329,59.32345564541193
32,140,Medborgarplatsen 54,Danfo,Danfo,Toalett,Dubbel,Södermalm,G063,Ja,Ja,POINT (154142.0958 6577756.1274),POINT (18.072732727404738 59.31495025852274),18.072732727404738,59.31495025852274
33,141,Skånegatan 79 - Nytorget,Danfo,Danfo,Toalett,Enkel,Södermalm,G061,Ja,Ja,POINT (154738.2026 6577502.3671),POINT (18.08319443060501 59.31266609001174),18.08319443060501,59.31266609001174
34,142,Allmänna Gränd - Djurgården,Danfo,Danfo,Toalett,Trippel,Norra innerstaden,G077,Nej,Nej,POINT (155454.7161 6578831.2119),POINT (18.095808671297178 59.32458595614204),18.095808671297178,59.32458595614204
35,143,Elersvägen 50 - Kristineberg,Danfo,Danfo,Toalett,null,Kungsholmen,G082,Nej,Nej,POINT (150113.8469 6580339.7323),POINT (18.00200044681012 59.338162523664344),18.00200044681012,59.338162523664344
36,144,Bredängs Alle under TB,Danfo,Danfo,Toalett,null,Skärholmen,G058,Nej,Nej,POINT (146216.336 6575556.7021),POINT (17.933599602663282 59.2952102080093),17.933599602663282,59.2952102080093
37,145,Slottskajen - Stallbron - Mynttorget,Danfo,Danfo,Toalett,null,Södermalm,G059,Nej,Nej,POINT (153941.8773 6579099.5657),POINT (18.06924153148079 59.327011681551966),18.06924153148079,59.327011681551966
38,146,Finn Malmgren,Danfo,Danfo,Toalett,null,Skarpnäck,G090,Nej,Nej,POINT (155833.9886 6575527.586),POINT (18.102381179457662 59.294925535169234),18.102381179457662,59.294925535169234
39,147,Rinkebystråket 55,Danfo,Danfo,Toalett,null,Järva,G076,Nej,Nej,POINT (145800.1415 6585977.4274),POINT (17.926092791882073 59.38874865154918),17.926092791882073,59.38874865154918
40,148,Gasverksvägen 52 - Ropsten,Danfo,Danfo,Toalett,Enkel,Norra innerstaden,G065,Nej,Nej,POINT (155866.524 6582455.4401),POINT (18.103140379779322 59.35711355740854),18.103140379779322,59.35711355740854
41,149,Skärholmsplan 6 - Skärholmen C,Danfo,Danfo,Toalett,Enkel,Skärholmen,G062,Nej,Nej,POINT (144842.53 6573520.0615),POINT (17.909538907281195 59.27691349142357),17.909538907281195,59.27691349142357
42,150,Kista torg,Danfo,Danfo,Toalett,Enkel,Järva,G070,Nej,Ja,POINT (146733.5219 6587425.5944),POINT (17.94249597258741 59.40175638929967),17.94249597258741,59.40175638929967
43,151,Älvsjö torg 19,Danfo,Danfo,Toalett,Dubbel,Hägersten-Älvsjö,G073,Ja,Ja,POINT (150509.9602 6573731.0614),POINT (18.00894511294653 59.27883867814219),18.00894511294653,59.27883867814219
44,152,Karlavägen 56,Danfo,Danfo,Toalett,Enkel,Norra innerstaden,G072,Ja,Nej,POINT (154680.713 6580461.2159),POINT (18.082249159934626 59.33922710459087),18.082249159934626,59.33922710459087
45,153,Kungsträdgårdsgatan 8 - Kungsträdgården,Danfo,Danfo,Toalett,Trippel,Norra innerstaden,G071,Ja,Ja,POINT (154127.8194 6579545.9897),POINT (18.07251625384999 59.33101727017962),18.07251625384999,59.33101727017962
46,154,Skeppsbron 29 - Skeppsbrokajen,Danfo,Danfo,Toalett,Trippel,Södermalm,G074,Ja,Ja,POINT (154293.3077 6578670.6689),POINT (18.075406091737346 59.323158224301615),18.075406091737346,59.323158224301615
47,156,Bergsgatan 44B,Danfo,Danfo,Toalett,Enkel,Kungsholmen,G102,Nej,Nej,POINT (152342.2217 6579466.1396),POINT (18.041146572489684 59.33031416350741),18.041146572489684,59.33031416350741
48,158,Bagarmossen C (vid tunnelbane nedgång),Danfo,Danfo,Toalett,Enkel,Skarpnäck,G017,Ja,Nej,POINT (157468.4624 6573451.4208),POINT (18.130993012174613 59.27626286397621),18.130993012174613,59.27626286397621
49,159,Brunnsviksvägen - Bellevueparken,Danfo,Danfo,Toalett,Enkel,Norra innerstaden,G028,Nej,Nej,POINT (152733.301 6581981.6574),POINT (18.04804866634508 59.35289254796165),18.04804866634508,59.35289254796165
50,160,Cigarrvägen 14 - Hökarängen,Danfo,Danfo,Toalett,Enkel,Farsta,G044,Nej,Nej,POINT (154413.0294 6570922.28),POINT (18.077350880521983 59.253602464387555),18.077350880521983,59.253602464387555
51,161,De Geersgatan 13 - Tessinparken,Danfo,Danfo,Toalett,Enkel,Norra innerstaden,G022,Ja,Nej,POINT (155462.8529 6580908.0592),POINT (18.096004164032635 59.34322882890003),18.096004164032635,59.34322882890003
52,162,Drottninggatan 118 - Observatorielunden,Danfo,Danfo,Toalett,Enkel,Norra innerstaden,G026,Ja,Nej,POINT (153086.565 6580641.0783),POINT (18.054239495311315 59.340856314529375),18.054239495311315,59.340856314529375
53,163,Eriksdalsbadet,Danfo,Danfo,Toalett,Trippel,Södermalm,G040,Ja,Ja,POINT (154045.3661 6576559.4342),POINT (18.071011817360137 59.30420894055089),18.071011817360137,59.30420894055089
54,164,Adlerbethsgatan 23 - Fredhällsparken,Danfo,Danfo,Toalett,Enkel,Kungsholmen,G045,Ja,Nej,POINT (150219.0163 6579600.0998),POINT (18.003847667273227 59.33152310643199),18.003847667273227,59.33152310643199
55,165,Fridhemsplan 23A,Danfo,Danfo,Toalett,Enkel,Kungsholmen,G089,Ja,Nej,POINT (151593.0158 6579617.6704),POINT (18.027986148732634 59.3316778833981),18.027986148732634,59.3316778833981
56,167,Hornsbergsstrand 77,Danfo,Danfo,Toalett,Trippel,Kungsholmen,G002,Ja,Nej,POINT (150286.8308 6580545.4166),POINT (18.005040285626016 59.340008783481956),18.005040285626016,59.340008783481956
57,169,Jyllandsgatan 16 - Trudeluttens Lekplats,Danfo,Danfo,Toalett,Enkel,Järva,G088,Nej,Nej,POINT (146342.1798 6587234.2058),POINT (17.9356099367659 59.40003517489409),17.9356099367659,59.40003517489409
58,170,Klädesvägen 3 - Brommaplan,Danfo,Danfo,Toalett,Dubbel,Bromma,G093,Ja,Nej,POINT (146507.3986 6580423.0696),POINT (17.938628854963383 59.3388961797094),17.938628854963383,59.3388961797094
59,171,Lyckselevägen 58 - Grötfatet parklek,Danfo,Danfo,Toalett,Enkel,Hässelby-Vällingby,G030,Ja,Nej,POINT (142572.5183 6583590.0385),POINT (17.869377097014382 59.36727372114325),17.869377097014382,59.36727372114325
60,172,Långholmsbadet - Långholmen,Danfo,Danfo,Toalett,Trippel,Södermalm,G020,Nej,Nej,POINT (151427.6092 6578513.7469),POINT (18.02507298159107 59.32176899752803),18.02507298159107,59.32176899752803
61,173,Lövsätragränd 42 - Sätradalsparken,Danfo,Danfo,Toalett,Enkel,Skärholmen,G043,Ja,Nej,POINT (145217.9085 6574491.9875),POINT (17.916101509926612 59.28564254004095),17.916101509926612,59.28564254004095
62,174,Mariatorget 4,Danfo,Danfo,Toalett,Dubbel,Södermalm,G052,Ja,Nej,POINT (153548.1868 6578142.8045),POINT (18.06231039827824 59.31842670985151),18.06231039827824,59.31842670985151
63,175,Mikrofonvägen 5 - Telefonplan,Danfo,Danfo,Toalett,Enkel,Hägersten-Älvsjö,G008,Nej,Nej,POINT (149827.7347 6575862.4267),POINT (17.99697663168507 59.29797147456701),17.99697663168507,59.29797147456701
64,176,Nordenflychtsvägen 11 - Kristineberg,Danfo,Danfo,Toalett,Enkel,Kungsholmen,G031,Ja,Nej,POINT (150195.9375 6579816.7357),POINT (18.00344241676478 59.333467769565516),18.00344241676478,59.333467769565516
65,177,Norr Mälarstrand 3,Danfo,Danfo,Toalett,Trippel,Kungsholmen,G060,Ja,Nej,POINT (152987.7244 6579084.8384),POINT (18.052481046789055 59.3268873057295),18.052481046789055,59.3268873057295
66,178,Norra Bantorget,Danfo,Danfo,Toalett,Enkel,Norra innerstaden,G014,Nej,Nej,POINT (153149.0158 6579984.2693),POINT (18.05532734106138 59.334959955535595),18.05532734106138,59.334959955535595
67,179,"Östra Nydalsbron, Nydalsparken - Tensta",Danfo,Danfo,Toalett,Enkel,Järva,G029,Nej,Nej,POINT (144596.7538 6586734.0326),POINT (17.904897129288198 59.395526604527774),17.904897129288198,59.395526604527774
68,180,Odengatan 77 - Odenplan,Danfo,Danfo,Toalett,Enkel,Norra innerstaden,G092,Ja,Nej,POINT (152776.968 6580833.1558),POINT (18.04880149409006 59.3425826621642),18.04880149409006,59.3425826621642
69,181,Odengatan 90 - Vasaparken,Danfo,Danfo,Toalett,Dubbel,Norra innerstaden,G064,Nej,Nej,POINT (152432.3988 6580622.8458),POINT (18.042743782060775 59.340696924247666),18.042743782060775,59.340696924247666
70,182,Ringvägen 15 - Zinkensdamm,Danfo,Danfo,Toalett,Enkel,Södermalm,G036,Nej,Nej,POINT (152884.0377 6578065.9834),POINT (18.05064612713017 59.317742171155075),18.05064612713017,59.317742171155075
71,183,S:T Eriksplan 6C,Danfo,Danfo,Toalett,Enkel,Norra innerstaden,G033,Ja,Nej,POINT (152128.7941 6580511.3707),POINT (18.0374075330351 59.33969789910568),18.0374075330351,59.33969789910568
72,184,Skeppsbron 13 - Skeppsbrokajen,Danfo,Danfo,Toalett,Trippel,Södermalm,G024,nej,nej,POINT (154320.1946 6578922.8881),POINT (18.07588336899666 59.32542201966147),18.07588336899666,59.32542201966147
73,185,Smedsuddsvägen 30 - Smedsuddsbadet,Danfo,Danfo,Toalett,Stor,Kungsholmen,G003,Nej,Ja,POINT (151239.9836 6578967.4158),POINT (18.02178033409177 59.32584199495188),18.02178033409177,59.32584199495188
74,186,Smedsuddsvägen 6 - Rålambshovsparken,Danfo,Danfo,Toalett,Stor,Kungsholmen,G004,Nej,Ja,POINT (151479.7099 6579208.9107),POINT (18.025992785501472 59.328009025879155),18.025992785501472,59.328009025879155
75,187,Spånga Stationsplan 9,Danfo,Danfo,Toalett,Dubbel,Järva,G015,Nej,Nej,POINT (144282.6413 6585316.014),POINT (17.899406138590525 59.38279361768097),17.899406138590525,59.38279361768097
76,188,Stora Mejtens Gränd 12,Danfo,Danfo,Toalett,Enkel,Södermalm,G025,Nej,Nej,POINT (155194.7261 6577385.5656),POINT (18.091207354520332 59.31161224511755),18.091207354520332,59.31161224511755
77,189,Sturegatan 12 - Humlegården,Danfo,Danfo,Toalett,Enkel,Norra innerstaden,G001,Nej,Ja,POINT (154193.8682 6580262.5412),POINT (18.073690503695858 59.33744880204998),18.073690503695858,59.33744880204998
78,190,Sveavägen 67A - Observatiorielunden,Danfo,Danfo,Toalett,Enkel,Norra innerstaden,G006,Ja,Nej,POINT (153226.9522 6580793.6219),POINT (18.056708768144937 59.34222458384866),18.056708768144937,59.34222458384866
79,191,Svärdlångsgatan 10 - Årstaberg,Danfo,Danfo,Toalett,Enkel,Enskede-Årsta-Vantör,G012,Ja,Nej,POINT (151734.7556 6576083.6908),POINT (18.030447863625138 59.29995415941577),18.030447863625138,59.29995415941577
80,192,Tegnérlunden 2,Danfo,Danfo,Toalett,Enkel,Norra innerstaden,G019,Ja,Nej,POINT (153147.0521 6580388.2043),POINT (18.05529873134851 59.338585925242924),18.05529873134851,59.338585925242924
81,193,Tjärhovsplan,Danfo,Danfo,Toalett,Enkel,Södermalm,G021,Ja,Nej,POINT (154763.4685 6577924.228),POINT (18.083647354125244 59.31645268513766),18.083647354125244,59.31645268513766
82,194,Trissan Parklek - Bredäng,Danfo,Danfo,Toalett,Enkel,Skärholmen,G010,Nej,Nej,POINT (146101.7599 6575720.5512),POINT (17.931585929645443 59.29667998121347),17.931585929645443,59.29667998121347
83,195,Valhallavägen 78 - Östra Station,Danfo,Danfo,Toalett,Trippel,Norra innerstaden,G054,Ja,Nej,POINT (154106.1003 6581150.5064),POINT (18.07216523913102 59.34542054735475),18.07216523913102,59.34542054735475
84,196,Valhallavägen 157 - Karlaplan,Danfo,Danfo,Toalett,Enkel,Norra innerstaden,G069,Ja,Nej,POINT (155282.4694 6580607.2839),POINT (18.09282674300151 59.34053119503043),18.09282674300151,59.34053119503043
85,197,Sveavägen 127 - Vanadislunden,Danfo,Danfo,Toalett,Enkel,Norra innerstaden,G042,Ja,Nej,POINT (152968.542 6581422.9984),POINT (18.05217626941641 59.34787612166714),18.05217626941641,59.34787612166714
86,198,Vittangiplan 28 - Vällingby Torg,Danfo,Danfo,Toalett,Enkel,Hässelby-Vällingby,G080,Nej,Nej,POINT (142729.3113 6583029.9872),POINT (17.87215342819445 59.362249139254935),17.87215342819445,59.362249139254935
87,199,Andholmsvägen 5 - Vårbergstoppen,Danfo,Danfo,Toalett,Enkel,Skärholmen,G094,Nej,Nej,POINT (143192.2578 6573016.8982),POINT (17.880609303381927 59.272373446902684),17.880609303381927,59.272373446902684
88,200,Wollmar Yxkullsgatan,Danfo,Danfo,Toalett,Enkel,Södermalm,G056,Nej,Nej,POINT (153218.8052 6577880.0366),POINT (18.056522152462566 59.31607058259165),18.056522152462566,59.31607058259165
89,201,Österholmsstigen - Västerholmsparken,Danfo,Danfo,Toalett,Enkel,Skärholmen,G039,Nej,Nej,POINT (144231.8273 6572922.8271),POINT (17.89884320877838 59.27154444167871),17.89884320877838,59.27154444167871
90,202,Sveavägen 39A - Adolf Fredriks Kyrka,Danfo,Danfo,Toalett,Enkel,Norra innerstaden,G067,Ja,Nej,POINT (153474.6177 6580313.4385),POINT (18.06105337426585 59.33791221601433),18.06105337426585,59.33791221601433
